symbol,censor_rate,alpha_gap,floor_binds
786,0.08133086876155268,0.11813709981898637,0.43253234750462105
AABS,0.0,9.213613760827855e-10,0.0
AATM,0.09760589318600368,0.14481147198251698,0.0
ABL,0.0055147058823529415,0.012071333093709558,0.0
ABOT,0.009191176470588236,0.014839641318787011,0.0
ACPL,0.022058823529411766,0.0077447670550370995,0.0
ADAMS,0.007434944237918215,0.0039171644095585545,0.0
ADMM,0.04779411764705882,0.07743809727278958,0.0
AGHA,0.016544117647058824,0.08674251195618227,0.7904411764705882
AGIC,0.009242144177449169,0.002617446509587243,0.0
AGIL,0.02022058823529412,0.053079574325951506,0.0
AGL,0.04595588235294118,0.04629655247925779,0.0
AGP,0.02022058823529412,0.003512096554455141,0.0
AGSML,0.027624309392265192,0.023671747189741577,0.9152854511970534
AGTL,0.014705882352941176,0.0069743616500612116,0.0
AHCL,0.014842300556586271,0.023953968749099608,0.0018484288354898336
AHL,0.020370370370370372,0.027165160325324927,0.0
AICL,0.025735294117647058,0.022488948369790457,0.0
AIRLINK,0.01838235294117647,0.019181168008914784,0.0
AKBL,0.011049723756906077,0.0011230888844545872,0.0
AKDHL,0.033073929961089495,0.01435944628797331,0.0
AKDSL,0.03867403314917127,0.0018510494355354623,0.0
AKGL,0.0325,0.041539952566727045,0.0
ALAC,0.053231939163498096,0.09349192631562206,0.4714828897338403
ALIFE,0.014925373134328358,0.009524113130720269,0.0
ALNRS,0.0038240917782026767,-0.0004800144905680592,0.0
ALTN,0.005535055350553505,0.011566736568069502,0.2665441176470588
AMBL,0.06637168141592921,0.04214903661688163,0.09513274336283185
AMTEX,0.003676470588235294,-7.199586184697404e-05,1.0
ANL,0.012867647058823529,0.009065416118141725,0.53125
ANTM,0.09873949579831932,0.17011998774569265,0.0063025210084033615
APL,0.001841620626151013,0.0057809842467131944,0.0
ARCTM,0.06427221172022685,0.11322974315685408,0.0
ARPL,0.016574585635359115,0.01069700304916632,0.0
ARUJ,0.06801470588235294,0.17212630297940473,0.44485294117647056
ASC,0.04595588235294118,0.11627140385823809,0.5753676470588235
ASHT,0.1111111111111111,0.23229661897365855,0.0
ASL,0.012867647058823529,-0.004213920014802669,0.2867647058823529
ASTL,0.02022058823529412,0.03447663128405712,0.0
ASTM,0.12915129151291513,0.15381007859094603,0.0
ATBA,0.02022058823529412,-0.000993613938870458,0.0
ATLH,0.0055147058823529415,-9.221217576549368e-05,0.0
ATRL,0.012867647058823529,0.011921169978534568,0.0
AVN,0.009191176470588236,0.016617803811207477,0.0
BAFL,0.003683241252302026,-0.0009647500772365092,0.0
BAHL,0.0,0.0,0.0
BAPL,0.0974264705882353,0.02433564887345216,0.0
BATA,0.0,-3.519229707649174e-08,0.0
BBFL,0.020637898686679174,0.0860831002482231,0.0
BCL,0.025735294117647058,0.02277032368316026,0.0
BECO,0.08856088560885608,0.09712032819491664,0.7826887661141805
BELA,0.0708955223880597,0.14026485351135276,0.0
BERG,0.03676470588235294,0.09832884178653012,0.0
BGL,0.016544117647058824,0.0079348043947573,0.13602941176470587
BHAT,0.017676767676767676,0.020155656949056522,0.0
BIFO,0.040515653775322284,0.0163359551935785,0.0
BIPL,0.009191176470588236,0.0145029929358938,0.0
BML,0.011049723756906077,0.023840096116447773,0.7113970588235294
BNL,0.09760589318600368,0.011224228391374963,0.2647058823529412
BNWM,0.042279411764705885,0.04997495963617532,0.0
BOK,0.014787430683918669,0.038690693313823354,0.0
BOP,0.03130755064456722,0.016463574496847933,0.2536764705882353
BPL,0.055970149253731345,0.04884275701308377,0.0
BRRG,0.011194029850746268,0.03193758290298215,0.0
BTL,0.06092436974789916,0.09423947347592254,0.0
BUXL,0.07933579335793357,0.0590543356583591,0.0
BWCL,0.003676470588235294,0.004437464278012698,0.0
BWHL,0.01838235294117647,0.09364628285975818,0.0
CASH,0.05303030303030303,0.07709826817415202,0.0
CCM,0.0378619153674833,0.04558566079654103,0.0
CENI,0.009398496240601503,0.014894127816320546,0.0
CEPB,0.014705882352941176,-0.0009830622053056959,0.0
CHAS,0.03984819734345351,0.03473285829772314,0.0
CHBL,0.05698529411764706,0.0871699548613935,0.6544117647058824
CHCC,0.007352941176470588,-0.004438447642561766,0.0
CJPL,0.08527131782945736,0.1819835139511191,0.4437984496124031
CLVL,0.06801470588235294,0.15442663579694055,0.0
CNERGY,0.011029411764705883,0.019035990409154047,0.9172794117647058
CPHL,0.01838235294117647,0.027587813833884728,0.0
CPPL,0.014732965009208104,0.055388963412911996,0.0
CRTM,0.058823529411764705,0.07547907290918127,0.0
CSAP,0.03676470588235294,0.028414399025794318,0.0
CSIL,0.03308823529411765,0.04818088092923689,0.9816176470588235
CTM,0.02022058823529412,0.011463056462905644,1.0
CYAN,0.014634146341463415,0.003967774589417106,0.0
DAAG,0.09558823529411764,0.25966726092990383,0.0
DADX,0.07007575757575757,0.14684609351168065,0.0
DBCI,0.05330882352941176,0.11173590175648518,0.90625
DCL,0.016544117647058824,0.005166815534099201,0.47610294117647056
DEL,0.06985294117647059,0.08910737773671795,0.3639705882352941
DFML,0.042279411764705885,0.050126870066937834,0.0
DFSM,0.058823529411764705,0.12170071642974334,0.8069852941176471
DGKC,0.012867647058823529,0.008800101776172936,0.0
DIIL,0.05952380952380952,0.0819961865081219,0.0
DINT,0.04697986577181208,0.035764447438469904,0.0
DLL,0.020522388059701493,0.05656229529169868,0.0
DNCC,0.0335195530726257,0.053554713925971775,0.0
DOL,0.009242144177449169,0.0113371869886012,0.0
DSIL,0.06066176470588235,0.06863009465576009,0.7150735294117647
DSL,0.001838235294117647,-0.00036477432667501863,0.9889705882352942
DWAE,0.10110294117647059,0.17699205963861286,0.0
DWSM,0.016544117647058824,0.010900356274359702,1.0
DWTM,0.02819548872180451,0.01581471699191639,0.9078947368421053
DYNO,0.007352941176470588,0.018770091105118736,0.0
ECOP,0.058823529411764705,0.05184824115236769,0.0
EFERT,0.001838235294117647,0.0056331818685450286,0.0
EFUG,0.0018450184501845018,-0.0014487717945617373,0.0
EFUL,0.0,7.025649914615961e-08,0.0
ELCM,0.05605381165919283,0.0713540086598145,0.0
ELSM,0.022935779816513763,0.04731036871619554,0.0
EMCO,0.07212475633528265,0.12459099876335,0.0
ENGROH,0.014732965009208104,0.006824337529073313,0.0
EPCL,0.009191176470588236,0.012095096785636472,0.0
EPQL,0.005535055350553505,0.016688143471371264,0.0
ESBL,0.06666666666666667,0.08358165192551253,0.6037037037037037
EXIDE,0.016544117647058824,0.01863869476973773,0.0
FABL,0.012867647058823529,0.007960810705106736,0.0
FASM,0.023060796645702306,0.005233432816512423,0.0
FATIMA,0.007352941176470588,0.0025058342788199517,0.0
FCCL,0.009191176470588236,0.006687409537305039,0.0
FCEL,0.02575107296137339,0.008057387516940934,1.0
FCEPL,0.02389705882352941,0.0051483133318484114,0.0
FCIBL,0.15461847389558234,0.3397300469063096,0.3654618473895582
FCL,0.012867647058823529,-0.004494671641017814,0.0
FCSC,0.022058823529411766,0.06561470648845869,0.9981617647058824
FDPL,0.012867647058823529,0.0013593099628134847,1.0
FECTC,0.07536764705882353,0.09621231798069324,0.0
FEROZ,0.012867647058823529,0.012873772238352121,0.0
FFC,0.0055147058823529415,0.005428062266504052,0.0
FFL,0.014705882352941176,-0.000980846008491812,0.12683823529411764
FLYNG,0.04411764705882353,0.07127570874081912,0.025735294117647058
FML,0.016666666666666666,0.01474198932123788,0.0
FNEL,0.05156537753222836,0.012010493766422325,0.8474264705882353
FRCL,0.09248554913294797,0.07239986380559957,0.0
FRSM,0.01890359168241966,0.02197168797238605,0.0
FZCM,0.039525691699604744,0.06607791485369305,0.0
GADT,0.027675276752767528,0.030894394083759935,0.0
GAMON,0.07904411764705882,0.04176141901190504,0.0
GATI,0.02022058823529412,0.012767155439782546,0.0
GATM,0.011029411764705883,0.012545408376514217,0.0
GCIL,0.03130755064456722,0.029608222623280195,0.0661764705882353
GFIL,0.03731343283582089,0.04938005913995294,0.2835820895522388
GGGL,0.016544117647058824,0.015862715486710255,0.7591911764705882
GGL,0.02022058823529412,0.008515818085193139,0.13786764705882354
GHGL,0.011029411764705883,0.0075940575843262415,0.0
GHNI,0.022058823529411766,0.0022603061768176128,0.0
GLAXO,0.01838235294117647,0.005235091428601998,0.0
GLPL,0.06818181818181818,0.17353339425721476,0.0
GOC,0.04798464491362764,0.05824760653733252,0.0
GRYL,0.09746588693957114,0.224906421507876,0.44639376218323584
GSPM,0.024163568773234202,0.012896651083624283,1.0
GTYR,0.009191176470588236,0.0068070960801915326,0.0
GUSM,0.09320388349514563,0.09296429111031665,0.7708737864077669
GVGL,0.009191176470588236,0.008381043002701594,0.0
GWLC,0.034926470588235295,0.06012436297885476,0.0
HABSM,0.0,0.0,0.0
HAEL,0.09426987060998152,0.08690085192304672,0.014787430683918669
HAFL,0.028350515463917526,0.0457487205998135,0.0
HALEON,0.011029411764705883,0.0034203707119686705,0.0
HASCOL,0.04411764705882353,0.04845125202359629,0.21323529411764705
HBL,0.011029411764705883,0.005824803365088588,0.0
HICL,0.03244274809160305,0.0619884070335065,0.4573055028462998
HINO,0.022058823529411766,0.007072996739095949,0.0
HINOON,0.0055147058823529415,0.0013031779542320016,0.0
HIRAT,0.02389705882352941,0.023285168046136673,0.9981617647058824
HMB,0.001838235294117647,0.001379327135027253,0.0
HRPL,0.005791505791505791,0.005657807385052366,0.0
HTL,0.025735294117647058,0.018679291278424187,0.0
HUBC,0.003676470588235294,0.0073044820888295,0.0
HUMNL,0.02022058823529412,0.004013406839468797,0.03676470588235294
HUSI,0.07048458149779736,0.08829664483171096,0.0
HWQS,0.06666666666666667,0.07346564731344732,0.17777777777777778
IBLHL,0.051470588235294115,0.02708028829398773,0.0
ICCI,0.0900735294117647,0.19800051958890663,0.22058823529411764
ICL,0.02389705882352941,0.013490440510878055,0.0
IDEAL,0.1346578366445916,0.2572838874266107,0.0
IDRT,0.08624229979466119,0.0917255465899871,0.0
IDYM,0.027573529411764705,0.015788420754796917,0.0
IGIHL,0.03308823529411765,0.024596434211584084,0.0
IGIL,0.023529411764705882,0.005463426089387963,0.0
ILP,0.009191176470588236,0.007240943413328482,0.0
IMAGE,0.01838235294117647,0.020127534816021114,0.0
IML,0.03536345776031434,0.031616689561352024,0.0
IMS,0.08487084870848709,0.0837212712305706,0.03130755064456722
INDU,0.0,0.0,0.0
INIL,0.009191176470588236,0.0006194351565671635,0.0
INKL,0.05168986083499006,0.1195854084063111,0.0
IPAK,0.003676470588235294,0.0164553262081088,0.0
ISIL,0.0,0.0,0.0
ISL,0.011029411764705883,0.032102636767085524,0.0
ITTEFAQ,0.025735294117647058,0.04620774318962828,0.9117647058823529
JATM,0.09550561797752809,0.21548887221131358,0.0
JDMT,0.05380333951762523,0.09753035147761102,0.0
JDWS,0.0055248618784530384,0.023292718182468947,0.0
JGICL,0.001841620626151013,0.004219825437961733,0.0
JKSM,0.07709251101321586,0.007117792212759683,0.0
JLICL,0.00929368029739777,0.02824978889301799,0.0
JSBL,0.02389705882352941,0.026528905015427845,0.3547794117647059
JSCL,0.014705882352941176,0.028003320225405498,0.0
JSGCL,0.021956087824351298,0.05647387361741721,0.0
JSIL,0.027237354085603113,0.03531072826050213,0.0
JSML,0.06261510128913444,0.10387694813369669,0.0
JUBS,0.15028901734104047,0.21298422140233741,0.06165703275529865
JVDC,0.02389705882352941,0.041121625468770295,0.0
KAPCO,0.0018450184501845018,0.006790342634054869,0.0
KEL,0.001838235294117647,0.0009732096829789261,1.0
KHTC,0.022181146025878003,0.0623659574264771,0.0
KML,0.06490872210953347,0.1300910709474875,0.2408906882591093
KOHC,0.014732965009208104,0.004396559145760814,0.0
KOHE,0.020257826887661142,0.06917485586383376,0.0
KOHP,0.11580882352941177,0.17076358506008937,0.5165441176470589
KOHTM,0.10018552875695733,0.15380649961007212,0.0
KOIL,0.13419117647058823,0.13950264233237203,0.2536764705882353
KOSM,0.014705882352941176,0.010771139362187654,0.9724264705882353
KPUS,0.14838709677419354,0.2864839162603168,0.0
KSBP,0.01838235294117647,0.040450463104602874,0.0
KSTM,0.10112359550561797,0.13458099706825694,0.602996254681648
KTML,0.022222222222222223,0.024842569294258793,0.0
LCI,0.007366482504604052,0.020712346751694477,0.0
LEUL,0.13940520446096655,0.2981718476959309,0.0
LIVEN,0.11049723756906077,0.2375680118860245,0.0
LOADS,0.01838235294117647,0.01404675084235213,0.009191176470588236
LOTCHEM,0.01289134438305709,0.030318006269578812,0.0
LPGL,0.10477941176470588,0.12345270610262574,0.0
LPL,0.02022058823529412,0.061700362866215885,0.0
LSECL,0.007366482504604052,0.022428917469277554,1.0
LSEFSL,0.10204081632653061,0.05300552978799744,0.21626617375231053
LSEVL,0.024029574861367836,0.04153371111131843,0.58195211786372
LUCK,0.0055762081784386614,0.0066020893208752485,0.0
MACFL,0.08823529411764706,0.3836890074191789,0.0
MACTER,0.06133828996282528,0.031818703621091404,0.0
MARI,0.014732965009208104,-0.008764783008662708,0.0
MCB,0.0,8.321440397862645e-09,0.0
MCBIM,0.009259259259259259,0.005943889145567732,0.0
MDTL,0.022058823529411766,0.014898686148836326,1.0
MEBL,0.001838235294117647,0.0032740485385034657,0.0
MEHT,0.013409961685823755,0.020243619343220998,0.0
MERIT,0.01838235294117647,0.01066400273119078,0.2775735294117647
MFFL,0.027573529411764705,0.014211134780872381,0.0
MFL,0.025735294117647058,0.007290483171728673,0.0
MIRKS,0.025735294117647058,0.039000800275413416,0.0
MLCF,0.012867647058823529,0.007548795753747228,0.0
MQTM,0.05336426914153132,0.020622884529621466,0.0
MRNS,0.00922509225092251,0.023203213424414115,0.0
MSCL,0.07550644567219153,0.23209301991599063,0.141804788213628
MSOT,0.04296875,0.033976206191145636,0.0
MTL,0.001841620626151013,0.013839250210277099,0.0
MUGHAL,0.012867647058823529,0.007302639767057695,0.0
MUREB,0.0,-3.590594355173948e-08,0.0
MWMP,0.10845588235294118,0.23057952671065896,0.0
NAGC,0.023076923076923078,-0.012932514620102253,0.0
NATF,0.007352941176470588,-0.0036118790510576426,0.0
NBP,0.016574585635359115,0.0022900200340845722,0.0
NCL,0.0055248618784530384,0.003101489820452663,0.0
NCML,0.043478260869565216,0.2175629774244317,0.07509881422924901
NCPL,0.034990791896869246,0.011499418870380362,0.0
NESTLE,0.0055147058823529415,0.01689835929896122,0.0
NETSOL,0.014705882352941176,0.01665857705745305,0.0
NEXT,0.029465930018416207,0.0857792703424842,0.4622467771639042
NICL,0.0018484288354898336,0.004532577643809432,0.0
NML,0.01838235294117647,0.02307941610127598,0.0
NONS,0.027944111776447105,0.03048083839964183,0.0
NPL,0.02394106813996317,0.03190112847134671,0.0
NRL,0.025735294117647058,0.02558884003250461,0.0
NRSL,0.029411764705882353,0.023271809557225964,0.0
NSRM,0.11163895486935867,0.23706242609152794,0.0
OBOY,0.06457564575645756,0.0615327076026167,0.6777163904235728
OCTOPUS,0.03308823529411765,0.01960413150474999,0.0
OGDC,0.0055147058823529415,0.001877767704226485,0.0
OLPL,0.0,4.193070968216972e-08,0.0
OML,0.06732673267326733,0.11731727805030034,0.0
OTSU,0.049723756906077346,0.025906254877197166,0.0
PABC,0.011029411764705883,0.009062653877575239,0.0
PACE,0.0625,0.018698928970357076,0.5753676470588235
PAEL,0.014705882352941176,0.007894459288773137,0.0
PAKD,0.06433823529411764,0.14719352113221068,0.0
PAKL,0.11860940695296524,0.22779232044247189,0.0
PAKOXY,0.01841620626151013,0.04772434050418159,0.0
PAKRI,0.01841620626151013,0.012302102126411807,0.042279411764705885
PAKT,0.0055147058823529415,0.0014520551374753998,0.0
PASL,0.003676470588235294,0.012034775201861303,1.0
PASM,0.02962962962962963,0.03946972676701335,0.9259259259259259
PCAL,0.014705882352941176,0.02924507383244955,0.0
PECO,0.02443609022556391,0.0278464622593092,0.0
PGLC,0.053604436229205174,0.07076734786931,0.12915129151291513
PIAHCLA,0.0661764705882353,0.030144921553128978,0.0
PIBTL,0.02022058823529412,-0.0006362711857584302,0.4264705882352941
PICT,0.03867403314917127,0.07198954830096743,0.0
PIL,0.011029411764705883,0.019381970885962094,1.0
PINL,0.04038461538461539,0.07351620352765481,0.7711538461538462
PIOC,0.022058823529411766,0.010994150389130902,0.0
PKGI,0.07238095238095238,0.04236535328452004,0.3333333333333333
PKGP,0.03505535055350553,0.07661084294713383,0.0
PKGS,0.001838235294117647,0.0013945294055942303,0.0
PNSC,0.02394106813996317,0.015355458969390723,0.0
POL,0.0,-2.9195323936193063e-10,0.0
POML,0.03333333333333333,0.044900070868723385,0.0
POWER,0.009191176470588236,0.00874815598953066,0.26838235294117646
PPL,0.007352941176470588,0.009932962326623246,0.0
PPP,0.04595588235294118,0.193450831134809,0.0
PPVC,0.0914396887159533,0.12273353232835987,0.30739299610894943
PREMA,0.125,0.11976334906863739,0.0
PRET,0.013071895424836602,0.005886994625200093,0.0
PRL,0.01838235294117647,0.009112521151513536,0.0
PRWM,0.02,0.03660934068626906,0.0
PSEL,0.01838235294117647,0.05048999774895713,0.0
PSO,0.007352941176470588,0.004389991222868428,0.0
PSX,0.03308823529411765,0.016426069986860303,0.0
PSYL,0.044,0.08300959329533333,0.0
PTC,0.025735294117647058,0.026331502355285127,0.0
PTL,0.0055147058823529415,0.003768734561458348,0.0
QTECH,0.15257352941176472,0.08376706856811197,0.0
QUET,0.05772811918063315,0.043353005910262865,0.09124767225325885
QUICE,0.06985294117647059,0.06592810016342615,0.6213235294117647
RCML,0.024128686327077747,0.039808377634400094,0.0
REDCO,0.06469500924214418,0.1365959865296677,0.12939001848428835
REWM,0.028634361233480177,0.030422545447288285,0.0
RICL,0.019011406844106463,0.029545144942762364,0.06628787878787878
RMPL,0.003683241252302026,0.01689008566401229,0.0
RPL,0.022058823529411766,0.012484853184778127,0.0
RUBY,0.09851301115241635,0.18302961839858117,0.4628252788104089
RUPL,0.04990403071017274,0.11887585647373189,0.0
SAIF,0.0570902394106814,0.014802886698272483,0.034990791896869246
SANSM,0.07770961145194274,0.17536223669094397,0.0
SAPT,0.00202020202020202,-0.0010983834954789995,0.0
SARC,0.09109311740890688,0.1397034364678053,0.0
SASML,0.05793991416309013,0.0838579636643133,0.0
SAZEW,0.009191176470588236,-0.010229911225804883,0.0
SBL,0.03333333333333333,0.009572876795794438,0.43333333333333335
SCBPL,0.001841620626151013,0.004230217355871563,0.0
SCL,0.035789473684210524,0.0777677805169463,0.0
SEARL,0.02389705882352941,0.02114848344007325,0.0
SEL,0.07456140350877193,0.1255677102510564,0.0
SEPL,0.011029411764705883,0.008194027592775793,0.0
SERT,0.14602587800369685,0.27487141045306174,0.0036968576709796672
SFL,0.01,0.01814348940751334,0.0
SGF,0.022058823529411766,0.024429634409316198,0.0
SGPL,0.2048417132216015,0.3397577957011047,0.41263940520446096
SHCM,0.10792951541850221,0.1236868916158721,0.0
SHDT,0.06133828996282528,0.04492209100328387,0.0
SHEZ,0.016544117647058824,0.019824285514395357,0.0
SHFA,0.009191176470588236,0.01244927784079572,0.0
SHJS,0.0392156862745098,0.08319075383752095,0.0
SHNI,0.018726591760299626,0.0036960956933524414,0.8097014925373134
SHSML,0.007590132827324478,0.00647468040364807,0.0
SIBL,0.04291044776119403,0.03973186977691126,0.8361266294227188
SIEM,0.02321083172147002,0.0980848255838292,0.0
SITC,0.011194029850746268,0.030468376619028903,0.0
SKRS,0.04595588235294118,0.08823579227323797,0.14705882352941177
SLGL,0.042279411764705885,0.03995768911406178,0.04411764705882353
SLYT,0.13172541743970315,0.2348533310745854,0.11688311688311688
SMCPL,0.04419889502762431,0.10036165162251542,0.0
SML,0.060077519379844964,0.04368682781433003,0.0
SNAI,0.026915113871635612,0.02991604137542228,0.0
SNBL,0.01289134438305709,0.017707324806269437,0.0
SNGP,0.007352941176470588,0.005386603842600243,0.0
SPEL,0.051470588235294115,0.036910059136554485,0.0
SPL,0.0996309963099631,0.10811341144134673,0.0
SPWL,0.007352941176470588,0.0023789998309256405,0.2610294117647059
SRVI,0.01289134438305709,0.022855781245295526,0.0
SSGC,0.05698529411764706,0.050269078125707606,0.12316176470588236
SSML,0.09497206703910614,0.12051875953195884,0.2383612662942272
SSOM,0.1037037037037037,0.1306226695916605,0.0
STCL,0.012867647058823529,0.002216817395856774,0.04779411764705882
STJT,0.017130620985010708,0.04337951373518925,0.0
STL,0.08630393996247655,0.36787913323268795,0.0
STML,0.05527638190954774,0.034000266745831786,0.0
STPL,0.016544117647058824,0.023603216041688024,0.9944852941176471
STYLERS,0.007575757575757576,0.020902318483350057,0.0
SURC,0.020491803278688523,0.04937190389987839,0.0
SUTM,0.045368620037807186,0.08303314073117474,0.0
SYM,0.03308823529411765,0.06741120780720328,0.14338235294117646
SYS,0.009242144177449169,0.005288161248594714,0.0
SZTM,0.06976744186046512,0.061426260896147555,0.0
TATM,0.07386363636363637,0.11892602742610214,0.0
TBL,0.009191176470588236,0.0008170923834566329,0.1948529411764706
TCORP,0.020446096654275093,0.03619759562513142,0.0
TELE,0.011029411764705883,0.0010082822697065619,0.8272058823529411
TGL,0.01838235294117647,0.02319244681014071,0.0
THALL,0.009208103130755065,0.0026180602628269045,0.0
THCCL,0.058931860036832415,0.031170538361399408,0.0
TICL,0.03389830508474576,0.049997610727646136,0.0
TOMCL,0.02022058823529412,0.015353198901221887,0.0
TOWL,0.03308823529411765,0.07967694071934817,0.0
TPL,0.04411764705882353,0.35698453638354266,0.7702205882352942
TPLI,0.034990791896869246,0.039566971865569955,0.2965009208103131
TPLL,0.023752969121140142,0.024932598953331414,0.0
TPLRF1,0.0018552875695732839,0.0009122072320781743,0.22263450834879406
TPLT,0.03860294117647059,0.03920201909406773,0.6801470588235294
TREET,0.022058823529411766,0.005300310893880805,0.0
TRG,0.027573529411764705,0.016540832416967716,0.0
TRIPF,0.012962962962962963,0.016736774641184837,0.0
TSBL,0.09070796460176991,0.20618980074358884,0.4282560706401766
TSPL,0.055248618784530384,0.12463694510927731,0.6022099447513812
UBDL,0.051470588235294115,0.10378419387328111,0.0
UBL,0.0055248618784530384,0.0034619339583507047,0.0
UDLI,0.05555555555555555,0.059899397257998144,0.5074074074074074
UDPL,0.04054054054054054,0.1380380507532466,0.0
UNIC,0.003703703703703704,0.002917467765536058,0.0
UNITY,0.02022058823529412,0.038230879600019585,0.09926470588235294
UPFL,0.003676470588235294,0.007901476323793233,0.0
UVIC,0.08052434456928839,0.07709748798365419,0.32397003745318353
WAFI,0.012867647058823529,0.008529413104889555,0.0
WAHN,0.020257826887661142,0.05914271810860844,0.0
WAVES,0.014705882352941176,0.0018812357206625802,0.6066176470588235
WAVESAPP,0.01838235294117647,0.0039996397465806854,0.7224264705882353
WTL,0.0,8.935490120043355e-08,1.0
ZAHID,0.09071729957805907,0.11484433489731563,0.0
ZIL,0.0297029702970297,0.13947776287872443,0.0
ZTL,0.029723991507430998,0.006879712051351461,0.0
