dist,L,seed,censor_rate,alpha_naive,alpha_partial,alpha_latent
normal,0.05,0,0.0132,0.11210360299152786,0.12380322272468093,0.11769585996835306
normal,0.05,1,0.0228,0.16369235075247543,0.19028206432099115,0.18017926428222708
normal,0.05,2,0.0092,0.12279457911119336,0.13600362429903318,0.13176908273413673
normal,0.05,3,0.0132,0.12087373914857287,0.13811849312782723,0.1332522229894743
normal,0.05,4,0.0152,0.14396725580516434,0.16116126595214308,0.15533270944390554
normal,0.05,5,0.022,0.11969711497385732,0.13926366698957915,0.13348012420711497
normal,0.05,6,0.0172,0.12285915321253688,0.1411469072482076,0.13436884516111358
normal,0.05,7,0.0172,0.11629242807284083,0.13490353828346577,0.13262497690473538
normal,0.05,8,0.0284,0.12675597435904143,0.1565783186737843,0.1446687958715932
normal,0.05,9,0.0236,0.170833894733043,0.204121602399142,0.1883548066584132
normal,0.05,10,0.0244,0.14657321858948774,0.17427728520658992,0.16309108550486587
normal,0.05,11,0.0236,0.15450501383928972,0.1855559558362766,0.17336904970089323
normal,0.05,12,0.0156,0.12605036129466354,0.14368629995570345,0.1373209854693588
normal,0.05,13,0.0292,0.1717586089603489,0.21015257875524965,0.1986379962484353
normal,0.05,14,0.0108,0.1110015414930152,0.11747536744216458,0.11339735855463895
normal,0.05,15,0.0148,0.13414886253536318,0.15165518454661242,0.1441093525595914
normal,0.05,16,0.0224,0.14012993973399093,0.1621897407245303,0.15565641952263856
normal,0.05,17,0.024,0.15077382915325194,0.17629438748359394,0.16854327233788283
normal,0.05,18,0.0216,0.15261782616084377,0.18141943397082402,0.16843433277244346
normal,0.05,19,0.024,0.17080730907703667,0.20166450457955015,0.1922881685071808
normal,0.05,20,0.0264,0.1383615636341774,0.16561032636842993,0.1536791478888239
normal,0.05,21,0.0208,0.16036403308657088,0.179574245214722,0.16811241456857678
normal,0.05,22,0.0132,0.14526776726078733,0.1646515992900212,0.15881532530396408
normal,0.05,23,0.0164,0.12909516240685937,0.1451457636099393,0.14074672457900217
normal,0.05,24,0.0244,0.13601955857375464,0.16307751145939406,0.15626247455218173
normal,0.05,25,0.0228,0.14891749243812857,0.1773098726865056,0.16620660248013733
normal,0.05,26,0.0288,0.142412110920197,0.17350133961446584,0.16091783252846312
normal,0.05,27,0.0336,0.15864783909296487,0.1930651470248272,0.18490192071891398
normal,0.05,28,0.0128,0.12886090182929644,0.1443962099153569,0.1411123695429047
normal,0.05,29,0.0212,0.10708051514427855,0.12783050199818974,0.12186622714922994
normal,0.05,30,0.0196,0.14636359595308313,0.17150349520797276,0.16159060837531508
normal,0.05,31,0.0324,0.14130428850371418,0.17280360049559537,0.1583435614402653
normal,0.05,32,0.0216,0.12497769026423453,0.1477035866538701,0.14150927967584637
normal,0.05,33,0.0172,0.14292870761165677,0.16086046588861286,0.15262394547431202
normal,0.05,34,0.0172,0.1619824027415686,0.18363394812522704,0.17397279839584054
normal,0.05,35,0.0108,0.13218134962907346,0.14747001221752631,0.1448832519184045
normal,0.05,36,0.0144,0.16304989986029464,0.18039692519627393,0.1725255610209995
normal,0.05,37,0.0212,0.1453537986111316,0.17375144101197787,0.16267794496730056
normal,0.05,38,0.0188,0.14463780091255354,0.16946077719616,0.16195139607177073
normal,0.05,39,0.0116,0.10669318569368319,0.12172873309057955,0.11680967143158602
normal,0.05,40,0.0212,0.11857669488285236,0.13880322237060888,0.13115610193725866
normal,0.05,41,0.016,0.11803721943416726,0.13175255936687078,0.12355762116241642
normal,0.05,42,0.0164,0.1442973860257704,0.16432267182425042,0.1590508273928724
normal,0.05,43,0.0164,0.1199182211957378,0.13732869172107615,0.12955303682572572
normal,0.05,44,0.0184,0.15352928546592398,0.17424775912106621,0.16502512014245008
normal,0.05,45,0.0364,0.14296587100699143,0.1788613426928043,0.16692073641685434
normal,0.05,46,0.0116,0.13271796481943096,0.14700189165827174,0.141260242063684
normal,0.05,47,0.0184,0.1429609571548923,0.16432873809751763,0.15806599151774633
normal,0.05,48,0.0184,0.13120675042019203,0.14898275486278234,0.1432463455415996
normal,0.05,49,0.024,0.14039181327928596,0.16812764944160424,0.16047491946988793
normal,0.04,0,0.04,0.10720366908570808,0.13615770715424833,0.11815612589530197
normal,0.04,1,0.0516,0.15138598915034002,0.20273980378318868,0.18016072917110615
normal,0.04,2,0.0392,0.11262175145259362,0.15095819454250797,0.13034268505114804
normal,0.04,3,0.034,0.10752493544189115,0.1387830950042121,0.127593596949642
normal,0.04,4,0.0396,0.13303241125453974,0.17346021319562488,0.15725135481062485
normal,0.04,5,0.0504,0.10846501816054258,0.14770970004920103,0.135677448788544
normal,0.04,6,0.0476,0.11013575231809336,0.14996442768685964,0.1284871789245294
normal,0.04,7,0.0356,0.10824448957798932,0.13523111974863936,0.12701088658818238
normal,0.04,8,0.0596,0.1156565559438067,0.1684616788465914,0.14094440128805513
normal,0.04,9,0.0576,0.15055881072806582,0.22627921875458434,0.19281682384870621
normal,0.04,10,0.0492,0.13072600719310462,0.17904557456760214,0.15948552961651585
normal,0.04,11,0.0576,0.1421850132841307,0.19851720906649728,0.1768685831863857
normal,0.04,12,0.0396,0.11347444459879702,0.1538322419830094,0.13771726903307346
normal,0.04,13,0.0572,0.15384331630642828,0.21954216231817214,0.1952360170372579
normal,0.04,14,0.0376,0.10632234561057893,0.13338858278311969,0.11916236224373883
normal,0.04,15,0.0328,0.11981941198079463,0.1536367511679165,0.13945137867470683
normal,0.04,16,0.056,0.1314787088500069,0.17791145429161204,0.15999019699730055
normal,0.04,17,0.0548,0.138947873423792,0.19670498960531674,0.17714777213860342
normal,0.04,18,0.052,0.14210475476359802,0.19038641770916137,0.16670905828440136
normal,0.04,19,0.0452,0.15860545367106704,0.2079924092856419,0.1963439197526381
normal,0.04,20,0.0556,0.12397031912821924,0.1732344308229904,0.15222819359044018
normal,0.04,21,0.046,0.15599023776364696,0.19546560076821845,0.17225567350757148
normal,0.04,22,0.0376,0.13309064834364553,0.17300111321243736,0.15738722832464858
normal,0.04,23,0.0416,0.11880073269315805,0.1538849342806614,0.13844749260611994
normal,0.04,24,0.0484,0.12200825140813304,0.1616468989652691,0.14930782202958917
normal,0.04,25,0.054,0.13389523372588907,0.1877273451505599,0.16575377665242608
normal,0.04,26,0.0588,0.13001258737065713,0.18242023408467234,0.15860355092036132
normal,0.04,27,0.0636,0.145041258623316,0.20485005859599176,0.19314340525583637
normal,0.04,28,0.0364,0.1189734655115965,0.15370431887593516,0.14056995300623581
normal,0.04,29,0.0472,0.10176158859090001,0.13459972786518398,0.12078835720232885
normal,0.04,30,0.042,0.13496148811465436,0.1742179256895191,0.1575129859144623
normal,0.04,31,0.0648,0.12834006603843062,0.17942514783931413,0.15422600743802017
normal,0.04,32,0.0476,0.11423841987011146,0.1564547869381787,0.13921348026612113
normal,0.04,33,0.0404,0.13107007174994276,0.17027184495072395,0.15467378270175836
normal,0.04,34,0.0464,0.15162751728245505,0.19476268504397848,0.17319393465895966
normal,0.04,35,0.0344,0.1243334466327507,0.1553391059378722,0.14241300879900975
normal,0.04,36,0.0404,0.1520687452796865,0.19967230578961925,0.18179418511664508
normal,0.04,37,0.052,0.13060240864265998,0.18332196613469887,0.16784630827843044
normal,0.04,38,0.0432,0.13078236009152433,0.17684336245021512,0.15845267209484826
normal,0.04,39,0.0288,0.09871468034778103,0.11944645418436232,0.11081171949168833
normal,0.04,40,0.0536,0.10968681031538696,0.14933338136103586,0.12700047214253168
normal,0.04,41,0.0404,0.11049100841090535,0.1421547422977823,0.12529073000872998
normal,0.04,42,0.0444,0.13380080571732156,0.1716878829089047,0.15581974104464547
normal,0.04,43,0.0452,0.10610348404443667,0.14875611959743976,0.1239486263447567
normal,0.04,44,0.0476,0.14497377713485826,0.1942035578273769,0.1720990879300388
normal,0.04,45,0.0668,0.13264826184345574,0.1862699616748178,0.16736702274460963
normal,0.04,46,0.0356,0.12465294134408153,0.15959928558884537,0.13999614674897753
normal,0.04,47,0.046,0.13175759518698435,0.17907296252152294,0.15980244245673283
normal,0.04,48,0.0452,0.11936544029690319,0.16069807040579748,0.14330280629174824
normal,0.04,49,0.0572,0.12425560377225092,0.18099125990013556,0.16220307647747156
normal,0.03,0,0.1084,0.0984634403869542,0.1665986768130337,0.12775416773573234
normal,0.03,1,0.12,0.1356280310068092,0.22617268374758734,0.1856009128423423
normal,0.03,2,0.106,0.09473518702094824,0.17326521448746673,0.1312992284241491
normal,0.03,3,0.0968,0.09194120869038065,0.14934439932421764,0.11698410954523716
normal,0.03,4,0.1036,0.11998299359203868,0.20266766194769575,0.15547267322355537
normal,0.03,5,0.1236,0.09095723144792853,0.16736320365421298,0.1450595489839842
normal,0.03,6,0.1224,0.09584881275757468,0.1667296995469435,0.13580720243923172
normal,0.03,7,0.1048,0.09746388848247606,0.16610994948913133,0.12704213095784384
normal,0.03,8,0.136,0.09820031415484289,0.1973079320004013,0.15885655619358494
normal,0.03,9,0.1304,0.11991776809223512,0.2254376730570199,0.1831134050584089
normal,0.03,10,0.1084,0.10740370246909778,0.15535504032902514,0.15296786843146853
normal,0.03,11,0.1272,0.12084248561186865,0.21750003287880193,0.19128108142722977
normal,0.03,12,0.1116,0.09462194112091842,0.17315920257370837,0.1275088747819216
normal,0.03,13,0.1228,0.12408282616576671,0.2350575902291494,0.2026925276009377
normal,0.03,14,0.1028,0.09324409429695757,0.15118375110239213,0.1176059313631074
normal,0.03,15,0.1024,0.09954399945912464,0.16772430981374484,0.1355827790535823
normal,0.03,16,0.1288,0.1177756845341287,0.2001494852849917,0.16833171259242619
normal,0.03,17,0.1232,0.11254398574278192,0.20407994329890977,0.1697790126646001
normal,0.03,18,0.1236,0.13364478131869706,0.23510724430805377,0.18460137986786238
normal,0.03,19,0.1028,0.13693543655814505,0.2374710913802419,0.2030452124040088
normal,0.03,20,0.122,0.10038575971570396,0.1707606422380425,0.14134831186520058
normal,0.03,21,0.1088,0.13706386486688013,0.2281247180432951,0.19022416322378513
normal,0.03,22,0.098,0.11456284176297116,0.18951125068377528,0.16222492071688033
normal,0.03,23,0.1056,0.10583338305584679,0.17619594273479922,0.14065640381081296
normal,0.03,24,0.1144,0.10392150587465504,0.18532069903232706,0.15569309643535387
normal,0.03,25,0.1412,0.11049982304620395,0.15967449137169087,0.16178347562089684
normal,0.03,26,0.1356,0.11289830669767098,0.19708657042744637,0.1564543255029197
normal,0.03,27,0.134,0.1187240928879526,0.21506282428727624,0.19525513359159113
normal,0.03,28,0.0988,0.09889389019484109,0.16843293137084436,0.13492575880603025
normal,0.03,29,0.1244,0.09353382199430152,0.16716246698212955,0.12555183930410646
normal,0.03,30,0.0984,0.11935205143502191,0.19444304588476707,0.157580740261342
normal,0.03,31,0.1444,0.11242274402151263,0.1961464017642539,0.1646090449531767
normal,0.03,32,0.1164,0.09783467890436193,0.1752111615657283,0.13848686781167316
normal,0.03,33,0.0944,0.11432824500787005,0.18377298889312002,0.1532629931980638
normal,0.03,34,0.1144,0.13374937856538444,0.23215670195024812,0.18306570839895803
normal,0.03,35,0.0924,0.10681344248794394,0.18913255692002148,0.14850847944691883
normal,0.03,36,0.1052,0.12886841692086282,0.22818078894192684,0.1852675516065912
normal,0.03,37,0.1288,0.11430924151956089,0.220695052481639,0.16537311372786387
normal,0.03,38,0.106,0.11360813152744834,0.2034884480580152,0.17163565995182528
normal,0.03,39,0.1004,0.08958840977883831,0.15722337981110812,0.12013373947794631
normal,0.03,40,0.1356,0.09863437603996922,0.18311675403467498,0.13816524352875642
normal,0.03,41,0.1128,0.09913765094739191,0.16602259522107565,0.12693494443230308
normal,0.03,42,0.1232,0.12112376054709925,0.2195709195960574,0.1612702243528762
normal,0.03,43,0.112,0.09196368031285099,0.17308500969945434,0.12421341225237975
normal,0.03,44,0.1168,0.12672227358645524,0.21501310161011866,0.18504536843131514
normal,0.03,45,0.1416,0.11666424548628165,0.2070152460987513,0.16876805065698852
normal,0.03,46,0.0932,0.10606183696790138,0.18496714565267214,0.14539355082721295
normal,0.03,47,0.1144,0.11439181532578618,0.20602488536477725,0.1609028313592385
normal,0.03,48,0.1144,0.10482369785699411,0.18751054559722102,0.15319019511580956
normal,0.03,49,0.1376,0.10257069531958152,0.20026275322038567,0.1647548976649424
t,0.05,0,0.0188,0.16013532519442344,0.19364904120493748,0.16694042147076882
t,0.05,1,0.0268,0.146335704144767,0.20143886589536555,0.15756660197376499
t,0.05,2,0.0248,0.12684323381533,0.16215535860464353,0.1271544497759476
t,0.05,3,0.0292,0.1610282965179995,0.21552300417509024,0.17489532004918676
t,0.05,4,0.0228,0.195648475435969,0.24448023751697479,0.21362128900221583
t,0.05,5,0.0424,0.15160094147114897,0.19556614402541916,0.1684736797911927
t,0.05,6,0.0264,0.15214525859912625,0.19601323210333318,0.1591335431312247
t,0.05,7,0.0192,0.14198644902826563,0.16864584762983786,0.14567284193448643
t,0.05,8,0.0368,0.13960476413361625,0.18608580937858638,0.15030976891243011
t,0.05,9,0.0588,0.14319046660413104,0.18404348167039733,0.16975954761050255
t,0.05,10,0.0276,0.16354159965033013,0.20673300798489835,0.17216475879220117
t,0.05,11,0.0272,0.18170674619941052,0.23501591555967188,0.19314172507992253
t,0.05,12,0.018,0.16352463615572274,0.19073874582008488,0.16213365288945422
t,0.05,13,0.0248,0.15581112970634223,0.20372141700792173,0.17221121532852818
t,0.05,14,0.0224,0.13692749652062955,0.16828160098772338,0.13825345848549647
t,0.05,15,0.0168,0.1481825399763359,0.18229104977368288,0.17416763353024356
t,0.05,16,0.0412,0.1591299783627214,0.20306718964527387,0.1783979005432562
t,0.05,17,0.014,0.1881164377280034,0.21489029816227634,0.18880665462553486
t,0.05,18,0.0364,0.17006037094216012,0.22043269571257051,0.17225104771295724
t,0.05,19,0.0232,0.15367072492610057,0.19563655945766611,0.17612526085265573
t,0.05,20,0.0264,0.14843536429645238,0.19175531676901186,0.15030222362294787
t,0.05,21,0.0152,0.1265969329836581,0.149282174742226,0.13148496888939853
t,0.05,22,0.0152,0.15473579195682555,0.18013321108478342,0.15430827937155797
t,0.05,23,0.026,0.12775123282216583,0.16778002940924228,0.12542488519343414
t,0.05,24,0.0264,0.146691778304125,0.1879363681549362,0.14592835759848752
t,0.05,25,0.062,0.14012029312534519,0.186286215422461,0.19694040573890237
t,0.05,26,0.0216,0.15806290526726874,0.19705888483947995,0.1610034088667067
t,0.05,27,0.0236,0.177832716054596,0.2244109708402851,0.17944629481165975
t,0.05,28,0.022,0.13827448485434213,0.1732463043356251,0.1468089084587513
t,0.05,29,0.0268,0.14387412956658113,0.18446136370682753,0.15593859049024028
t,0.05,30,0.0224,0.168259143149184,0.20623938235310318,0.15727107968572718
t,0.05,31,0.0508,0.14867391733631027,0.1950485343827579,0.1842304099156214
t,0.05,32,0.0148,0.14641561273661707,0.1683356800573381,0.14230074746739071
t,0.05,33,0.0188,0.1405164772641227,0.16779149684477135,0.14130720652414225
t,0.05,34,0.0264,0.1539421928837909,0.19893119578000806,0.14599986095101325
t,0.05,35,0.0324,0.13019376537253197,0.16934224231132844,0.14956017145666595
t,0.05,36,0.0168,0.14609672609459312,0.1703400474937657,0.13593482109824823
t,0.05,37,0.0284,0.14920094492114824,0.1979584052573962,0.15813266599121398
t,0.05,38,0.0172,0.13572019509169153,0.16056026653450117,0.1393648249140162
t,0.05,39,0.0196,0.133360620318921,0.15806150951258333,0.13429235998082814
t,0.05,40,0.0216,0.14487630393968537,0.17945179495573502,0.14806979977972878
t,0.05,41,0.0212,0.1432589681194513,0.17372949635192092,0.14733058024242257
t,0.05,42,0.0244,0.16940945389351753,0.21499125285120985,0.18659263444717356
t,0.05,43,0.0232,0.12361750434042637,0.15041109050704704,0.126050218607014
t,0.05,44,0.0224,0.1591071739251312,0.2006134317854128,0.15726696122323364
t,0.05,45,0.0332,0.12282429535487083,0.1595520147606774,0.12470960094372092
t,0.05,46,0.0204,0.14091778971145047,0.17407698970084082,0.1568475818653954
t,0.05,47,0.0296,0.15935523798021511,0.2133037881999065,0.15186654696901614
t,0.05,48,0.0136,0.11173142052866214,0.12837180045831115,0.10896168412279855
t,0.05,49,0.0176,0.13557632920745652,0.16179036978566194,0.1402490500954383
t,0.04,0,0.0396,0.14567090280006223,0.2210776028517165,0.1655643199561045
t,0.04,1,0.05,0.12223013675600813,0.21712099832115467,0.162802361238407
t,0.04,2,0.0428,0.1140167956767852,0.17221394263405287,0.13711947227718457
t,0.04,3,0.058,0.13857103236059487,0.31735388140578247,0.1750373076034586
t,0.04,4,0.04,0.18010664225699824,0.26318616691139646,0.21433805611472337
t,0.04,5,0.0696,0.12933817928952857,0.196147672777898,0.1697072788010589
t,0.04,6,0.044,0.13539393365516714,0.20113558562637973,0.1662535229293589
t,0.04,7,0.0384,0.13424169142248712,0.1989823055114458,0.14300377479845033
t,0.04,8,0.0608,0.12260340535445745,0.18380013074143256,0.15566590766329985
t,0.04,9,0.0844,0.12093091223304742,0.1886080929562226,0.17526075072406
t,0.04,10,0.0516,0.15149640778109613,0.21692482547727476,0.16595745379882454
t,0.04,11,0.0484,0.16063063578754377,0.25137236674727725,0.18945359177782148
t,0.04,12,0.0412,0.152627068088034,0.21816502321299713,0.16463826554132177
t,0.04,13,0.0408,0.13928628460156858,0.2078235242339232,0.16945275055640618
t,0.04,14,0.0468,0.1275143358604628,0.20185881209210266,0.14287005764944286
t,0.04,15,0.0316,0.12894568811145887,0.18960491819888461,0.16204415018816032
t,0.04,16,0.0644,0.1415036801202355,0.20191086978092163,0.17733592353966748
t,0.04,17,0.0292,0.17694310235283653,0.237130761569469,0.19115636809815204
t,0.04,18,0.0636,0.1509972552219351,0.23448400983755985,0.18034823561492683
t,0.04,19,0.0432,0.13789637255588283,0.21298353089511818,0.17820420016314886
t,0.04,20,0.0488,0.13391958960804684,0.21129927894208322,0.15186300454419138
t,0.04,21,0.0372,0.11719203834446243,0.17356489708501344,0.12715900501412128
t,0.04,22,0.0384,0.1439045087073632,0.2071295363970844,0.1513368112792659
t,0.04,23,0.05,0.1118100191876836,0.18535606036327823,0.130884992950687
t,0.04,24,0.0476,0.13380648346557217,0.1957284540566614,0.14242986835160187
t,0.04,25,0.0852,0.12036468841951364,0.197499692768787,0.17979361475744737
t,0.04,26,0.042,0.1428990411275829,0.21317648056660823,0.1658793873086909
t,0.04,27,0.0444,0.16529462702043457,0.2406735389512349,0.17729903929133306
t,0.04,28,0.0368,0.12736400764359657,0.1819586150242114,0.1440403340849246
t,0.04,29,0.044,0.12990357112833553,0.19756763418251833,0.15301214003923413
t,0.04,30,0.0432,0.16174110717267187,0.2225679359924473,0.16224832664635327
t,0.04,31,0.0816,0.1299979019598401,0.1947121757397588,0.19146698448441593
t,0.04,32,0.0332,0.14012773827500719,0.19250971370846173,0.14909718901454144
t,0.04,33,0.0352,0.13179578885437998,0.18592984806229812,0.13438220224730113
t,0.04,34,0.0516,0.13653156683674728,0.1971550714582494,0.1462819716359972
t,0.04,35,0.0496,0.11548363563751257,0.1665664849610303,0.14904983044503872
t,0.04,36,0.0368,0.1393374954735075,0.19826598448491228,0.1312361575831692
t,0.04,37,0.052,0.1306667196569355,0.20109877823338781,0.1513793053326508
t,0.04,38,0.0344,0.12619199498062156,0.17603435952750945,0.13172950577630604
t,0.04,39,0.0368,0.12290011715704877,0.16879528256236906,0.13446707826707668
t,0.04,40,0.0456,0.13233215875845064,0.208503375254779,0.14558120322559054
t,0.04,41,0.0432,0.13447022272340664,0.1960800152567312,0.14752675111293018
t,0.04,42,0.0468,0.15032266917645049,0.2422249630919052,0.18975096475674305
t,0.04,43,0.0348,0.11328854896611328,0.15446070483973784,0.1288791629278356
t,0.04,44,0.0448,0.14644466188425176,0.22007537295259072,0.15150663709485707
t,0.04,45,0.0552,0.11098588326145686,0.1671304521593189,0.1332169201805043
t,0.04,46,0.0396,0.12516193131301181,0.18758460880512684,0.15399760236544557
t,0.04,47,0.0492,0.14216144710371686,0.21653721953745106,0.15998385975628224
t,0.04,48,0.0292,0.10457830429071806,0.14076668575142595,0.11034224698774997
t,0.04,49,0.0368,0.12349800085287455,0.17920655636362595,0.13822286396307865
t,0.03,0,0.078,0.12357370055154908,0.23957372748885344,0.15784979247223102
t,0.03,1,0.1004,0.10141264170229844,0.21426538642740758,0.15319916716249266
t,0.03,2,0.0936,0.09677236135647385,0.15684139713589895,0.14326070469810817
t,0.03,3,0.1124,0.11799494023306936,0.1967104363116664,0.17215227331622523
t,0.03,4,0.0876,0.1481939198538198,0.27480930888804445,0.2165501788098254
t,0.03,5,0.12,0.11063054026659472,0.20909668693721978,0.16547260733975416
t,0.03,6,0.0876,0.11448823610557424,0.2006382933510834,0.15951185683047722
t,0.03,7,0.0776,0.11283901611496645,0.22861272304155483,0.14084226049329007
t,0.03,8,0.11,0.10550436931439247,0.17873322453788837,0.15172703001928117
t,0.03,9,0.1376,0.10503051212937986,0.2061901326770897,0.17655308091894145
t,0.03,10,0.1016,0.12634988003994452,0.2517095103258949,0.17067225922235651
t,0.03,11,0.092,0.14617368401959063,0.2795964728913732,0.19224206433728216
t,0.03,12,0.086,0.13213415739685133,0.19897466725309332,0.16590497539887752
t,0.03,13,0.0836,0.11125120961561667,0.19235632687511964,0.1671181553535545
t,0.03,14,0.0924,0.11409415006204372,0.18310017296493009,0.15382691550181057
t,0.03,15,0.0736,0.10138518503077965,0.18653007909055913,0.15579045557565202
t,0.03,16,0.1092,0.12059073245265291,0.23913016283824134,0.18113888820718094
t,0.03,17,0.0804,0.15633002937865825,0.2772419942947436,0.2038246387422184
t,0.03,18,0.1124,0.1271120538099203,0.24540247633134438,0.18724137664983698
t,0.03,19,0.0892,0.11352201303811141,0.16352300973005834,0.17228066348395393
t,0.03,20,0.0912,0.1121610973944002,0.21407471519231852,0.15987085872096835
t,0.03,21,0.0768,0.10484934114729158,0.19397691849028664,0.12374792559323691
t,0.03,22,0.0776,0.12004307201343271,0.19946309557310582,0.15007847750529305
t,0.03,23,0.0992,0.0931679832907961,0.18066153424040995,0.12689741556220924
t,0.03,24,0.0956,0.11481360104229554,0.2524514666665151,0.14536451733596062
t,0.03,25,0.1364,0.10535581257864138,0.2133825118750151,0.1870618570205293
t,0.03,26,0.0848,0.11486903847592132,0.19376801204197405,0.1579058836327341
t,0.03,27,0.0816,0.13775880590061054,0.2413570686094262,0.18900693877124927
t,0.03,28,0.082,0.10789092633326655,0.19434681421532096,0.15298376947832676
t,0.03,29,0.0848,0.1066122950909543,0.18323010140551135,0.14615820400348428
t,0.03,30,0.082,0.1440310280194558,0.2280544195740227,0.17622474008430436
t,0.03,31,0.136,0.11702816435966568,0.16008970233114594,0.19717221868376844
t,0.03,32,0.0728,0.1175266524853978,0.20020621889470863,0.14811797448070768
t,0.03,33,0.072,0.10981381154357368,0.15584074950041404,0.13869444487492685
t,0.03,34,0.0992,0.10960131659278309,0.19341408333214474,0.14366114320947837
t,0.03,35,0.0924,0.09542208200681493,0.16204525876676792,0.1544162634653638
t,0.03,36,0.0836,0.11666482873570096,0.23551746753265057,0.14061468372215905
t,0.03,37,0.1016,0.11250372298056636,0.1807946574662756,0.15343245977686903
t,0.03,38,0.0716,0.10621414040601627,0.19925409518012346,0.13798233883010108
t,0.03,39,0.0752,0.10206006417701116,0.19813204000013374,0.1386904959921385
t,0.03,40,0.0928,0.10647457842961339,0.2008803694000405,0.14735653651318936
t,0.03,41,0.0844,0.11594234980879473,0.23745731659552735,0.1552631953814046
t,0.03,42,0.0948,0.11822001957747505,0.24296105877048038,0.2026651203883607
t,0.03,43,0.0772,0.09393456540782266,0.1719234599362411,0.12548088762033305
t,0.03,44,0.094,0.12230195824600822,0.2533516777185516,0.1504015142148715
t,0.03,45,0.1068,0.10176345868037505,0.15469512289140902,0.14007643372597833
t,0.03,46,0.0796,0.10095337637960318,0.20375231302822533,0.1492197368834039
t,0.03,47,0.1008,0.12314697213086144,0.23015022686101588,0.16236401162356917
t,0.03,48,0.0756,0.09296993411778094,0.17311052434627705,0.1112524253533212
t,0.03,49,0.0848,0.10517833380902776,0.16715083822996135,0.1333543776630452
